<?xml version="1.0" encoding="UTF-8"?>
<!DOCTYPE mapper PUBLIC "-//mybatis.org//DTD Mapper 3.0//EN" "http://mybatis.org/dtd/mybatis-3-mapper.dtd">

<mapper namespace="com.siwan.ems.web.employee.mapper.EmployeeMapper">
	
	<select id="getEmployeeListCnt" parameterType="employeeVO" resultType="int" >
		/* EmployeeMapper.getEmployeeListCnt : 직원 개수 */
		SELECT COUNT(EMP_NO) AS CNT
		  FROM TB_EMS_EMP
		 WHERE DELETE_YN = 'N'
	  <include refid="search" />
	</select>
	
	<select id="getEmployeeList" parameterType="employeeVO" resultType="employeeVO" >
		/* EmployeeMapper.getEmployeeList : 직원 목록 */
		SELECT EMP_NO
			 , EMP_NM
			 , POSITION
			 , (SELECT CODE_NM
			      FROM TB_EMS_CODE_GROUP A
			     INNER JOIN TB_EMS_CODE B
			        ON A.GROUP_NO = B.GROUP_NO
			     WHERE A.GROUP_NO = '1'
			       AND B.CODE_NO = R.POSITION) AS POSITION_NM
			 , EMPLOYMENT_METHOD
			 , (SELECT CODE_NM
			      FROM TB_EMS_CODE_GROUP A
			     INNER JOIN TB_EMS_CODE B
			        ON A.GROUP_NO = B.GROUP_NO
			     WHERE A.GROUP_NO = '4'
			       AND B.CODE_NO = R.EMPLOYMENT_METHOD) AS EMPLOYMENT_METHOD_NM
		  FROM (SELECT ROW_NUMBER() OVER(ORDER BY EMP_NO DESC) AS ROW_NUM 
				     , EMP_NO
				     , EMP_NM
				     , POSITION
				     , EMPLOYMENT_METHOD
			      FROM TB_EMS_EMP
			     WHERE DELETE_YN = 'N'
			  <include refid="search" />
			   ) R
		 WHERE R.ROW_NUM BETWEEN #{sNum} AND #{eNum}
	</select>
	
	<select id="getEmployeeListExcel" parameterType="map" resultType="map" >
		/* EmployeeMapper.getEmployeeListExcel : 직원 엑셀 목록 */
		SELECT EMP_NO
			 , EMP_NM
			 , POSITION
			 , (SELECT CODE_NM
			      FROM TB_EMS_CODE_GROUP A
			     INNER JOIN TB_EMS_CODE B
			        ON A.GROUP_NO = B.GROUP_NO
			     WHERE A.GROUP_NO = '1'
			       AND B.CODE_NO = R.POSITION) AS POSITION_NM
			 , EMPLOYMENT_METHOD
			 , (SELECT CODE_NM
			      FROM TB_EMS_CODE_GROUP A
			     INNER JOIN TB_EMS_CODE B
			        ON A.GROUP_NO = B.GROUP_NO
			     WHERE A.GROUP_NO = '4'
			       AND B.CODE_NO = R.EMPLOYMENT_METHOD) AS EMPLOYMENT_METHOD_NM
		  FROM (SELECT ROW_NUMBER() OVER(ORDER BY EMP_NO DESC) AS ROW_NUM 
				     , EMP_NO
				     , EMP_NM
				     , POSITION
				     , EMPLOYMENT_METHOD
			      FROM TB_EMS_EMP
			     WHERE DELETE_YN = 'N'
			  <include refid="search" />
			   ) R
		 ORDER BY EMP_NO DESC
	</select>
	
	<sql id="search">
		<if test="searchEmpNo != null and searchEmpNo != ''">
           AND EMP_NO LIKE '%' + #{searchEmpNo} + '%'
       </if>
        <if test="searchEmpNm != null and searchEmpNm != ''">
           AND EMP_NM LIKE '%' +  #{searchEmpNm} + '%'
       </if>
        <if test="searchPosition != null and searchPosition != ''">
           AND POSITION = #{searchPosition}
       </if>
       <if test="searchEmploymentMethod != null and searchEmploymentMethod != ''">
           AND EMPLOYMENT_METHOD = #{searchEmploymentMethod}
       </if>
	</sql>
	
	<select id="getEmployeeListAll" resultType="employeeVO" >
		/* EmployeeMapper.getEmployeeListAll : 직원 전체 */
		SELECT EMP_NO
			 , EMP_NM
			 , POSITION
			 , (SELECT CODE_NM
			      FROM TB_EMS_CODE_GROUP A
			     INNER JOIN TB_EMS_CODE B
			        ON A.GROUP_NO = B.GROUP_NO
			     WHERE A.GROUP_NO = '1'
			       AND B.CODE_NO = R.POSITION) AS POSITION_NM
			 , EMPLOYMENT_METHOD
			 , (SELECT CODE_NM
			      FROM TB_EMS_CODE_GROUP A
			     INNER JOIN TB_EMS_CODE B
			        ON A.GROUP_NO = B.GROUP_NO
			     WHERE A.GROUP_NO = '4'
			       AND B.CODE_NO = R.EMPLOYMENT_METHOD) AS EMPLOYMENT_METHOD_NM
		  FROM TB_EMS_EMP R
		 WHERE DELETE_YN = 'N'
		 ORDER BY EMP_NM ASC
	</select>
	
	<select id="getEmployeeInfo" parameterType="employeeVO" resultType="employeeVO" >
		/* EmployeeMapper.getEmployeeInfo : 직원 정보 */
		SELECT EMP_NO
			 , EMP_NM
			 , POSITION
			 , (SELECT CODE_NM
			      FROM TB_EMS_CODE_GROUP A
			     INNER JOIN TB_EMS_CODE B
			        ON A.GROUP_NO = B.GROUP_NO
			     WHERE A.GROUP_NO = '1'
			       AND B.CODE_NO = R.POSITION) AS POSITION_NM
			 , EMPLOYMENT_METHOD
			 , (SELECT CODE_NM
			      FROM TB_EMS_CODE_GROUP A
			     INNER JOIN TB_EMS_CODE B
			        ON A.GROUP_NO = B.GROUP_NO
			     WHERE A.GROUP_NO = '4'
			       AND B.CODE_NO = R.EMPLOYMENT_METHOD) AS EMPLOYMENT_METHOD_NM
		  FROM TB_EMS_EMP R
		 WHERE EMP_NO = #{empNo}
	</select>
	
	<insert id="insertEmployee" parameterType="employeeVO">
		/* EmployeeMapper.insertEmployee : 직원 등록 */
		INSERT INTO TB_EMS_EMP
		     (
		       EMP_NO
		     , EMP_NM
		     , POSITION
		     , EMPLOYMENT_METHOD
		     , DELETE_YN
	  		 , REG_DT
	  		 , REG_USER_ID
	  		 , MOD_DT
	  		 , MOD_USER_ID
	         ) 
	    VALUES 
	         (
		  	   #{empNo}
			 , #{empNm}
			 , #{position}
			 , #{employmentMethod}
			 , 'N'
			 , GETDATE()
			 , #{regUserId}
			 , GETDATE()
			 , #{modUserId}
		     )
	</insert>
	
	<update id="updateEmployee" parameterType="employeeVO">
		/* EmployeeMapper.updateEmployee : 직원 수정 */
		UPDATE TB_EMS_EMP
	  	   SET POSITION = #{position}
	  	     , EMPLOYMENT_METHOD = #{employmentMethod}
	  		 , MOD_DT = GETDATE()
	  		 , MOD_USER_ID = #{modUserId}
		 WHERE EMP_NO = #{empNo}
	</update>
	
	<update id="deleteEmployee" parameterType="employeeVO">
		/* EmployeeMapper.deleteEmployee : 직원 삭제 */
		UPDATE TB_EMS_EMP
	  	   SET DELETE_YN = 'Y'
	  		 , MOD_DT = GETDATE()
	  		 , MOD_USER_ID = #{modUserId}
		 WHERE EMP_NO = #{empNo}
	</update>
</mapper>